{
"lengthUnit": "mil",
"remark": [],
"components": {
	"fields": ["COMPONENT_NO", "COMPONENT_NAME", "LAYER", "X_COORDINATE", "Y_COORDINATE", "ANGLE"],
	"rows": [
		[1, "C1", "T", -320, -1650, 90],
		[2, "C2", "T", -218.3122, -1650.61, 270],
		[3, "C3", "T", -116.4113, -1650.61, 270],
		[4, "C4", "T", -14.5105, -1650.61, 270],
		[5, "CARD1", "T", -50, -2875, 0],
		[6, "CARD2", "B", -60, -2565, 270],
		[7, "D9", "T", 0, -1510, 90],
		[8, "D10", "T", -92.5, -1510, 90],
		[9, "D11", "T", -185, -1510, 90],
		[10, "LED1", "T", 265, -1595, 90],
		[11, "R1", "T", 265, -1785, 90],
		[12, "U1", "T", -70, -2000, 0],
		[13, "USB1", "T", -30, -1365, 180],
		[14, "PAD1", "T", -320, -1622.44, 0],
		[15, "PAD2", "T", -320, -1677.56, 0],
		[16, "PAD3", "T", -218.3122, -1678.17, 0],
		[17, "PAD4", "T", -218.3122, -1623.05, 0],
		[18, "PAD5", "T", -116.4113, -1678.17, 0],
		[19, "PAD6", "T", -116.4113, -1623.05, 0],
		[20, "PAD7", "T", -14.5105, -1678.17, 0],
		[21, "PAD8", "T", -14.5105, -1623.05, 0],
		[22, "PAD9", "T", 219.68, -2709.65, 0],
		[23, "PAD10", "T", 255.12, -3087.6, 0],
		[24, "PAD11", "T", -355.12, -3087.6, 0],
		[25, "PAD12", "T", -355.12, -2709.65, 0],
		[26, "PAD13", "T", -307.88, -2662.4, 0],
		[27, "PAD14", "T", -264.57, -2662.4, 0],
		[28, "PAD15", "T", -221.26, -2662.4, 0],
		[29, "PAD16", "T", -177.95, -2662.4, 0],
		[30, "PAD17", "T", -134.65, -2662.4, 0],
		[31, "PAD18", "T", -91.34, -2662.4, 0],
		[32, "PAD19", "T", -48.03, -2662.4, 0],
		[33, "PAD20", "T", -4.73, -2662.4, 0],
		[34, "PAD21", "T", 38.58, -2662.4, 0],
		[35, "PAD22", "B", -305.1, -3015.8, 0],
		[36, "PAD23", "B", 265.8, -3102.4, 0],
		[37, "PAD24", "B", 261.8, -2027.6, 0],
		[38, "PAD25", "B", -309, -2027.6, 0],
		[39, "PAD26", "B", -385.8, -2933.9, 0],
		[40, "PAD27", "B", -385.8, -2180.8, 0],
		[41, "PAD28", "B", -385.8, -2247.7, 0],
		[42, "PAD29", "B", -385.8, -2343.3, 0],
		[43, "PAD30", "B", -385.8, -2441.8, 0],
		[44, "PAD31", "B", -385.8, -2540.2, 0],
		[45, "PAD32", "B", -385.8, -2638.6, 0],
		[46, "PAD33", "B", -385.8, -2737.1, 0],
		[47, "PAD34", "B", -385.8, -2835.5, 0],
		[48, "PAD35", "T", 0, -1525.062, 0],
		[49, "PAD36", "T", 0, -1494.942, 0],
		[50, "PAD37", "T", -92.5, -1525.062, 0],
		[51, "PAD38", "T", -92.5, -1494.942, 0],
		[52, "PAD39", "T", -185, -1525.062, 0],
		[53, "PAD40", "T", -185, -1494.942, 0],
		[54, "PAD41", "T", 265.4, -1628.5, 0],
		[55, "PAD42", "T", 265.2, -1565.5, 0],
		[56, "PAD43", "T", 265, -1755.34, 0],
		[57, "PAD44", "T", 265, -1814.66, 0],
		[58, "PAD45", "T", 17.5, -1895.48, 0],
		[59, "PAD46", "T", -7.5, -1895.48, 0],
		[60, "PAD47", "T", -32.5, -1895.48, 0],
		[61, "PAD48", "T", -57.5, -1895.48, 0],
		[62, "PAD49", "T", -82.5, -1895.48, 0],
		[63, "PAD50", "T", -107.5, -1895.48, 0],
		[64, "PAD51", "T", -132.5, -1895.48, 0],
		[65, "PAD52", "T", -157.5, -1895.48, 0],
		[66, "PAD53", "T", 17.5, -2104.52, 0],
		[67, "PAD54", "T", -7.5, -2104.52, 0],
		[68, "PAD55", "T", -32.5, -2104.52, 0],
		[69, "PAD56", "T", -57.5, -2104.52, 0],
		[70, "PAD57", "T", -82.5, -2104.52, 0],
		[71, "PAD58", "T", -107.5, -2104.52, 0],
		[72, "PAD59", "T", -132.5, -2104.52, 0],
		[73, "PAD60", "T", -157.5, -2104.52, 0],
		[74, "PAD61", "T", -167.8, -1406.339, 0],
		[75, "PAD61", "B", -167.8, -1406.339, 0],
		[76, "PAD62", "T", -69.37, -1406.339, 0],
		[77, "PAD62", "B", -69.37, -1406.339, 0],
		[78, "PAD63", "T", 9.37, -1406.339, 0],
		[79, "PAD63", "B", 9.37, -1406.339, 0],
		[80, "PAD64", "T", 107.79, -1406.339, 0],
		[81, "PAD64", "B", 107.79, -1406.339, 0],
		[82, "PAD65", "T", 194.409, -1323.662, 0],
		[83, "PAD65", "B", 194.409, -1323.662, 0],
		[84, "PAD66", "T", -254.409, -1323.662, 0],
		[85, "PAD66", "B", -254.409, -1323.662, 0]
	]
},
"pins": {
	"fields": ["PIN_NO", "PIN_NAME", "PIN_X", "PIN_Y", "LAYER", "PIN_TYPE", "NET_NAME", "NET_TYPE", "PAD_SHAPE", "PAD_SIZEX", "PAD_SIZEY", "HOLE_SIZE", "HOLE_LEN", "PAD_ANGLE"],
	"rows": [
		[1, "C1_1", -320, -1677.56, "T", "SMD", "GND", "GND", "R", 31.496, 35.433, 0, 0, 90],
		[2, "C1_2", -320, -1622.44, "T", "SMD", "5V", "", "R", 31.496, 35.433, 0, 0, 90],
		[3, "C2_1", -218.3122, -1623.05, "T", "SMD", "GND", "GND", "R", 31.496, 35.433, 0, 0, 270],
		[4, "C2_2", -218.3122, -1678.17, "T", "SMD", "VDD", "", "R", 31.496, 35.433, 0, 0, 270],
		[5, "C3_1", -116.4113, -1623.05, "T", "SMD", "GND", "GND", "R", 31.496, 35.433, 0, 0, 270],
		[6, "C3_2", -116.4113, -1678.17, "T", "SMD", "VDD", "", "R", 31.496, 35.433, 0, 0, 270],
		[7, "C4_1", -14.5105, -1623.05, "T", "SMD", "GND", "GND", "R", 31.496, 35.433, 0, 0, 270],
		[8, "C4_2", -14.5105, -1678.17, "T", "SMD", "SD_VDD", "", "R", 31.496, 35.433, 0, 0, 270],
		[9, "CARD1_1", 38.58, -2662.4, "T", "SMD", "SDC0_D2", "", "R", 27.559, 62.992, 0, 0, 0],
		[10, "CARD1_2", -4.73, -2662.4, "T", "SMD", "SDC0_D3", "", "R", 27.559, 62.992, 0, 0, 0],
		[11, "CARD1_3", -48.03, -2662.4, "T", "SMD", "SDC0_CMD", "", "R", 27.559, 62.992, 0, 0, 0],
		[12, "CARD1_4", -91.34, -2662.4, "T", "SMD", "SD_VDD", "", "R", 27.559, 62.992, 0, 0, 0],
		[13, "CARD1_5", -134.65, -2662.4, "T", "SMD", "SDC0_CLK", "", "R", 27.559, 62.992, 0, 0, 0],
		[14, "CARD1_6", -177.95, -2662.4, "T", "SMD", "GND", "GND", "R", 27.559, 62.992, 0, 0, 0],
		[15, "CARD1_7", -221.26, -2662.4, "T", "SMD", "SDC0_D0", "", "R", 27.559, 62.992, 0, 0, 0],
		[16, "CARD1_8", -264.57, -2662.4, "T", "SMD", "SDC0_D1", "", "R", 27.559, 62.992, 0, 0, 0],
		[17, "CARD1_9", -307.88, -2662.4, "T", "SMD", "CD", "", "R", 27.559, 62.992, 0, 0, 0],
		[18, "CARD1_10", -355.12, -2709.65, "T", "SMD", "GND", "GND", "R", 47.244, 59.055, 0, 0, 0],
		[19, "CARD1_11", -355.12, -3087.6, "T", "SMD", "GND", "GND", "R", 47.244, 86.614, 0, 0, 0],
		[20, "CARD1_12", 255.12, -3087.6, "T", "SMD", "GND", "GND", "R", 47.244, 86.614, 0, 0, 0],
		[21, "CARD1_13", 219.68, -2709.65, "T", "SMD", "GND", "GND", "R", 62.992, 59.055, 0, 0, 0],
		[22, "CARD2_1", -385.8, -2835.5, "B", "SMD", "SDC0_D3", "", "R", 39.4, 78.7, 0, 0, 270],
		[23, "CARD2_2", -385.8, -2737.1, "B", "SMD", "SDC0_CMD", "", "R", 39.4, 78.7, 0, 0, 270],
		[24, "CARD2_3", -385.8, -2638.6, "B", "SMD", "GND", "GND", "R", 39.4, 78.7, 0, 0, 270],
		[25, "CARD2_4", -385.8, -2540.2, "B", "SMD", "SD_VDD", "", "R", 39.4, 78.7, 0, 0, 270],
		[26, "CARD2_5", -385.8, -2441.8, "B", "SMD", "SDC0_CLK", "", "R", 39.4, 78.7, 0, 0, 270],
		[27, "CARD2_6", -385.8, -2343.3, "B", "SMD", "GND", "GND", "R", 39.4, 78.7, 0, 0, 270],
		[28, "CARD2_7", -385.8, -2247.7, "B", "SMD", "SDC0_D0", "", "R", 39.4, 78.7, 0, 0, 270],
		[29, "CARD2_8", -385.8, -2180.8, "B", "SMD", "SDC0_D1", "", "R", 39.4, 78.7, 0, 0, 270],
		[30, "CARD2_9", -385.8, -2933.9, "B", "SMD", "SDC0_D2", "", "R", 39.4, 78.7, 0, 0, 270],
		[31, "CARD2_10", -385.8, -2129.6, "B", "SMD", "NET_1", "", "R", 27.6, 78.7, 0, 0, 270],
		[32, "CARD2_11", -385.8, -2082.3, "B", "SMD", "NET_2", "", "R", 27.6, 78.7, 0, 0, 270],
		[33, "CARD2_12", -309, -2027.6, "B", "SMD", "GND", "GND", "R", 59.1, 110.2, 0, 0, 270],
		[34, "CARD2_13", 261.8, -2027.6, "B", "SMD", "GND", "GND", "R", 59.1, 110.2, 0, 0, 270],
		[35, "CARD2_14", 265.8, -3102.4, "B", "SMD", "GND", "GND", "R", 59.1, 110.2, 0, 0, 270],
		[36, "CARD2_15", -305.1, -3015.8, "B", "SMD", "GND", "GND", "R", 59.1, 110.2, 0, 0, 270],
		[37, "D9_1", 0, -1525.062, "T", "SMD", "GND", "GND", "R", 24.409, 15.748, 0, 0, 90],
		[38, "D9_2", 0, -1494.942, "T", "SMD", "D+", "", "R", 19.685, 15.748, 0, 0, 90],
		[39, "D10_1", -92.5, -1525.062, "T", "SMD", "GND", "GND", "R", 24.409, 15.748, 0, 0, 90],
		[40, "D10_2", -92.5, -1494.942, "T", "SMD", "D-", "", "R", 19.685, 15.748, 0, 0, 90],
		[41, "D11_1", -185, -1525.062, "T", "SMD", "GND", "GND", "R", 24.409, 15.748, 0, 0, 90],
		[42, "D11_2", -185, -1494.942, "T", "SMD", "5V", "", "R", 19.685, 15.748, 0, 0, 90],
		[43, "LED1_1", 265.4, -1628.5, "T", "SMD", "$1N3014", "", "R", 31.5, 31.5, 0, 0, 180],
		[44, "LED1_2", 265.2, -1565.5, "T", "SMD", "VDD", "", "R", 31.5, 31.5, 0, 0, 180],
		[45, "R1_1", 265, -1814.66, "T", "SMD", "LED", "", "R", 31.751, 34.016, 0, 0, 90],
		[46, "R1_2", 265, -1755.34, "T", "SMD", "$1N3014", "", "R", 31.751, 34.016, 0, 0, 90],
		[47, "U1_1", -157.5, -2104.52, "T", "SMD", "GND", "GND", "O", 14, 71.449, 0, 0, 0],
		[48, "U1_2", -132.5, -2104.52, "T", "SMD", "SDC0_D1", "", "O", 14, 71.449, 0, 0, 0],
		[49, "U1_3", -107.5, -2104.52, "T", "SMD", "SDC0_D0", "", "O", 14, 71.449, 0, 0, 0],
		[50, "U1_4", -82.5, -2104.52, "T", "SMD", "SDC0_CLK", "", "O", 14, 71.449, 0, 0, 0],
		[51, "U1_5", -57.5, -2104.52, "T", "SMD", "SDC0_CMD", "", "O", 14, 71.449, 0, 0, 0],
		[52, "U1_6", -32.5, -2104.52, "T", "SMD", "SDC0_D3", "", "O", 14, 71.449, 0, 0, 0],
		[53, "U1_7", -7.5, -2104.52, "T", "SMD", "SDC0_D2", "", "O", 14, 71.449, 0, 0, 0],
		[54, "U1_8", 17.5, -2104.52, "T", "SMD", "SD_VDD", "", "O", 14, 71.449, 0, 0, 0],
		[55, "U1_9", 17.5, -1895.48, "T", "SMD", "VDD", "", "O", 14, 71.449, 0, 0, 0],
		[56, "U1_10", -7.5, -1895.48, "T", "SMD", "5V", "", "O", 14, 71.449, 0, 0, 0],
		[57, "U1_11", -32.5, -1895.48, "T", "SMD", "CD", "", "O", 14, 71.449, 0, 0, 0],
		[58, "U1_12", -57.5, -1895.48, "T", "SMD", "LED", "", "O", 14, 71.449, 0, 0, 0],
		[59, "U1_13", -82.5, -1895.48, "T", "SMD", "VDD", "", "O", 14, 71.449, 0, 0, 0],
		[60, "U1_14", -107.5, -1895.48, "T", "SMD", "GND", "GND", "O", 14, 71.449, 0, 0, 0],
		[61, "U1_15", -132.5, -1895.48, "T", "SMD", "D+", "", "O", 14, 71.449, 0, 0, 0],
		[62, "U1_16", -157.5, -1895.48, "T", "SMD", "D-", "", "O", 14, 71.449, 0, 0, 0],
		[63, "USB1_1", -167.8, -1406.339, "T", "DIP", "5V", "", "C", 62.992, 62.992, 39.37, 39.37, 180],
		[64, "USB1_1", -167.8, -1406.339, "B", "DIP", "5V", "", "C", 62.992, 62.992, 39.37, 39.37, 180],
		[65, "USB1_2", -69.37, -1406.339, "T", "DIP", "D-", "", "C", 62.992, 62.992, 39.37, 39.37, 180],
		[66, "USB1_2", -69.37, -1406.339, "B", "DIP", "D-", "", "C", 62.992, 62.992, 39.37, 39.37, 180],
		[67, "USB1_3", 9.37, -1406.339, "T", "DIP", "D+", "", "C", 62.992, 62.992, 39.37, 39.37, 180],
		[68, "USB1_3", 9.37, -1406.339, "B", "DIP", "D+", "", "C", 62.992, 62.992, 39.37, 39.37, 180],
		[69, "USB1_4", 107.79, -1406.339, "T", "DIP", "GND", "GND", "C", 62.992, 62.992, 39.37, 39.37, 180],
		[70, "USB1_4", 107.79, -1406.339, "B", "DIP", "GND", "GND", "C", 62.992, 62.992, 39.37, 39.37, 180],
		[71, "USB1_5", 194.409, -1323.662, "T", "DIP", "GND", "GND", "O", 78.74, 137.795, 39.37, 98.425, 180],
		[72, "USB1_5", 194.409, -1323.662, "B", "DIP", "GND", "GND", "O", 78.74, 137.795, 39.37, 98.425, 180],
		[73, "USB1_6", -254.409, -1323.662, "T", "DIP", "GND", "GND", "O", 78.74, 137.795, 39.37, 98.425, 180],
		[74, "USB1_6", -254.409, -1323.662, "B", "DIP", "GND", "GND", "O", 78.74, 137.795, 39.37, 98.425, 180],
		[75, "PAD1_2", -320, -1622.44, "T", "SMD", "5V", "", "R", 31.496, 35.433, 0, 0, 90],
		[76, "PAD2_1", -320, -1677.56, "T", "SMD", "GND", "GND", "R", 31.496, 35.433, 0, 0, 90],
		[77, "PAD3_2", -218.3122, -1678.17, "T", "SMD", "VDD", "", "R", 31.496, 35.433, 0, 0, 270],
		[78, "PAD4_1", -218.3122, -1623.05, "T", "SMD", "GND", "GND", "R", 31.496, 35.433, 0, 0, 270],
		[79, "PAD5_2", -116.4113, -1678.17, "T", "SMD", "VDD", "", "R", 31.496, 35.433, 0, 0, 270],
		[80, "PAD6_1", -116.4113, -1623.05, "T", "SMD", "GND", "GND", "R", 31.496, 35.433, 0, 0, 270],
		[81, "PAD7_2", -14.5105, -1678.17, "T", "SMD", "SD_VDD", "", "R", 31.496, 35.433, 0, 0, 270],
		[82, "PAD8_1", -14.5105, -1623.05, "T", "SMD", "GND", "GND", "R", 31.496, 35.433, 0, 0, 270],
		[83, "PAD9_13", 219.68, -2709.65, "T", "SMD", "GND", "GND", "R", 62.992, 59.055, 0, 0, 0],
		[84, "PAD10_12", 255.12, -3087.6, "T", "SMD", "GND", "GND", "R", 47.244, 86.614, 0, 0, 0],
		[85, "PAD11_11", -355.12, -3087.6, "T", "SMD", "GND", "GND", "R", 47.244, 86.614, 0, 0, 0],
		[86, "PAD12_10", -355.12, -2709.65, "T", "SMD", "GND", "GND", "R", 47.244, 59.055, 0, 0, 0],
		[87, "PAD13_9", -307.88, -2662.4, "T", "SMD", "CD", "", "R", 27.559, 62.992, 0, 0, 0],
		[88, "PAD14_8", -264.57, -2662.4, "T", "SMD", "SDC0_D1", "", "R", 27.559, 62.992, 0, 0, 0],
		[89, "PAD15_7", -221.26, -2662.4, "T", "SMD", "SDC0_D0", "", "R", 27.559, 62.992, 0, 0, 0],
		[90, "PAD16_6", -177.95, -2662.4, "T", "SMD", "GND", "GND", "R", 27.559, 62.992, 0, 0, 0],
		[91, "PAD17_5", -134.65, -2662.4, "T", "SMD", "SDC0_CLK", "", "R", 27.559, 62.992, 0, 0, 0],
		[92, "PAD18_4", -91.34, -2662.4, "T", "SMD", "SD_VDD", "", "R", 27.559, 62.992, 0, 0, 0],
		[93, "PAD19_3", -48.03, -2662.4, "T", "SMD", "SDC0_CMD", "", "R", 27.559, 62.992, 0, 0, 0],
		[94, "PAD20_2", -4.73, -2662.4, "T", "SMD", "SDC0_D3", "", "R", 27.559, 62.992, 0, 0, 0],
		[95, "PAD21_1", 38.58, -2662.4, "T", "SMD", "SDC0_D2", "", "R", 27.559, 62.992, 0, 0, 0],
		[96, "PAD22_15", -305.1, -3015.8, "B", "SMD", "GND", "GND", "R", 59.1, 110.2, 0, 0, 270],
		[97, "PAD23_14", 265.8, -3102.4, "B", "SMD", "GND", "GND", "R", 59.1, 110.2, 0, 0, 270],
		[98, "PAD24_13", 261.8, -2027.6, "B", "SMD", "GND", "GND", "R", 59.1, 110.2, 0, 0, 270],
		[99, "PAD25_12", -309, -2027.6, "B", "SMD", "GND", "GND", "R", 59.1, 110.2, 0, 0, 270],
		[100, "PAD26_9", -385.8, -2933.9, "B", "SMD", "SDC0_D2", "", "R", 39.4, 78.7, 0, 0, 270],
		[101, "PAD27_8", -385.8, -2180.8, "B", "SMD", "SDC0_D1", "", "R", 39.4, 78.7, 0, 0, 270],
		[102, "PAD28_7", -385.8, -2247.7, "B", "SMD", "SDC0_D0", "", "R", 39.4, 78.7, 0, 0, 270],
		[103, "PAD29_6", -385.8, -2343.3, "B", "SMD", "GND", "GND", "R", 39.4, 78.7, 0, 0, 270],
		[104, "PAD30_5", -385.8, -2441.8, "B", "SMD", "SDC0_CLK", "", "R", 39.4, 78.7, 0, 0, 270],
		[105, "PAD31_4", -385.8, -2540.2, "B", "SMD", "SD_VDD", "", "R", 39.4, 78.7, 0, 0, 270],
		[106, "PAD32_3", -385.8, -2638.6, "B", "SMD", "GND", "GND", "R", 39.4, 78.7, 0, 0, 270],
		[107, "PAD33_2", -385.8, -2737.1, "B", "SMD", "SDC0_CMD", "", "R", 39.4, 78.7, 0, 0, 270],
		[108, "PAD34_1", -385.8, -2835.5, "B", "SMD", "SDC0_D3", "", "R", 39.4, 78.7, 0, 0, 270],
		[109, "PAD35_1", 0, -1525.062, "T", "SMD", "GND", "GND", "R", 24.409, 15.748, 0, 0, 90],
		[110, "PAD36_2", 0, -1494.942, "T", "SMD", "D+", "", "R", 19.685, 15.748, 0, 0, 90],
		[111, "PAD37_1", -92.5, -1525.062, "T", "SMD", "GND", "GND", "R", 24.409, 15.748, 0, 0, 90],
		[112, "PAD38_2", -92.5, -1494.942, "T", "SMD", "D-", "", "R", 19.685, 15.748, 0, 0, 90],
		[113, "PAD39_1", -185, -1525.062, "T", "SMD", "GND", "GND", "R", 24.409, 15.748, 0, 0, 90],
		[114, "PAD40_2", -185, -1494.942, "T", "SMD", "5V", "", "R", 19.685, 15.748, 0, 0, 90],
		[115, "PAD41_1", 265.4, -1628.5, "T", "SMD", "$1N3014", "", "R", 31.5, 31.5, 0, 0, 180],
		[116, "PAD42_2", 265.2, -1565.5, "T", "SMD", "VDD", "", "R", 31.5, 31.5, 0, 0, 180],
		[117, "PAD43_2", 265, -1755.34, "T", "SMD", "$1N3014", "", "R", 31.751, 34.016, 0, 0, 90],
		[118, "PAD44_1", 265, -1814.66, "T", "SMD", "LED", "", "R", 31.751, 34.016, 0, 0, 90],
		[119, "PAD45_9", 17.5, -1895.48, "T", "SMD", "VDD", "", "O", 14, 71.449, 0, 0, 0],
		[120, "PAD46_10", -7.5, -1895.48, "T", "SMD", "5V", "", "O", 14, 71.449, 0, 0, 0],
		[121, "PAD47_11", -32.5, -1895.48, "T", "SMD", "CD", "", "O", 14, 71.449, 0, 0, 0],
		[122, "PAD48_12", -57.5, -1895.48, "T", "SMD", "LED", "", "O", 14, 71.449, 0, 0, 0],
		[123, "PAD49_13", -82.5, -1895.48, "T", "SMD", "VDD", "", "O", 14, 71.449, 0, 0, 0],
		[124, "PAD50_14", -107.5, -1895.48, "T", "SMD", "GND", "GND", "O", 14, 71.449, 0, 0, 0],
		[125, "PAD51_15", -132.5, -1895.48, "T", "SMD", "D+", "", "O", 14, 71.449, 0, 0, 0],
		[126, "PAD52_16", -157.5, -1895.48, "T", "SMD", "D-", "", "O", 14, 71.449, 0, 0, 0],
		[127, "PAD53_8", 17.5, -2104.52, "T", "SMD", "SD_VDD", "", "O", 14, 71.449, 0, 0, 0],
		[128, "PAD54_7", -7.5, -2104.52, "T", "SMD", "SDC0_D2", "", "O", 14, 71.449, 0, 0, 0],
		[129, "PAD55_6", -32.5, -2104.52, "T", "SMD", "SDC0_D3", "", "O", 14, 71.449, 0, 0, 0],
		[130, "PAD56_5", -57.5, -2104.52, "T", "SMD", "SDC0_CMD", "", "O", 14, 71.449, 0, 0, 0],
		[131, "PAD57_4", -82.5, -2104.52, "T", "SMD", "SDC0_CLK", "", "O", 14, 71.449, 0, 0, 0],
		[132, "PAD58_3", -107.5, -2104.52, "T", "SMD", "SDC0_D0", "", "O", 14, 71.449, 0, 0, 0],
		[133, "PAD59_2", -132.5, -2104.52, "T", "SMD", "SDC0_D1", "", "O", 14, 71.449, 0, 0, 0],
		[134, "PAD60_1", -157.5, -2104.52, "T", "SMD", "GND", "GND", "O", 14, 71.449, 0, 0, 0],
		[135, "PAD61_1", -167.8, -1406.339, "T", "DIP", "5V", "", "C", 62.992, 62.992, 39.37, 39.37, 180],
		[136, "PAD61_1", -167.8, -1406.339, "B", "DIP", "5V", "", "C", 62.992, 62.992, 39.37, 39.37, 180],
		[137, "PAD62_2", -69.37, -1406.339, "T", "DIP", "D-", "", "C", 62.992, 62.992, 39.37, 39.37, 180],
		[138, "PAD62_2", -69.37, -1406.339, "B", "DIP", "D-", "", "C", 62.992, 62.992, 39.37, 39.37, 180],
		[139, "PAD63_3", 9.37, -1406.339, "T", "DIP", "D+", "", "C", 62.992, 62.992, 39.37, 39.37, 180],
		[140, "PAD63_3", 9.37, -1406.339, "B", "DIP", "D+", "", "C", 62.992, 62.992, 39.37, 39.37, 180],
		[141, "PAD64_4", 107.79, -1406.339, "T", "DIP", "GND", "GND", "C", 62.992, 62.992, 39.37, 39.37, 180],
		[142, "PAD64_4", 107.79, -1406.339, "B", "DIP", "GND", "GND", "C", 62.992, 62.992, 39.37, 39.37, 180],
		[143, "PAD65_5", 194.409, -1323.662, "T", "DIP", "GND", "GND", "O", 78.74, 137.795, 39.37, 98.425, 180],
		[144, "PAD65_5", 194.409, -1323.662, "B", "DIP", "GND", "GND", "O", 78.74, 137.795, 39.37, 98.425, 180],
		[145, "PAD66_6", -254.409, -1323.662, "T", "DIP", "GND", "GND", "O", 78.74, 137.795, 39.37, 98.425, 180],
		[146, "PAD66_6", -254.409, -1323.662, "B", "DIP", "GND", "GND", "O", 78.74, 137.795, 39.37, 98.425, 180]
	]
}
}